Index,Keyword,Tweets
,,
0,tokyo olympics food,Had fun talking sports food travel amp last evening Best wishes 2020 Summer
,,
1,tokyo olympics food,`` I 'll try ... talk things Congress Your allowance food free Your allowance 's
,,
2,tokyo olympics food,`` I 'll try ... talk things Congress Your allowance food free Your allowance 's yo
,,
3,tokyo olympics food,`` I 'll try ... talk things Congress Your allowance food free Your allowance 's yo
,,
4,tokyo olympics food,`` I 'll try ... talk things Congress Your allowance food free Your allowance 's yo
,,
5,tokyo olympics food,`` I 'll try ... talk things Congress Your allowance food free Your allowance 's yo
,,
6,tokyo olympics food,`` I 'll try ... talk things Congress Your allowance food free Your allowance 's
,,
7,tokyo olympics food,Had fun talking sports food travel amp last evening Best wishes 2020 Summer
,,
8,tokyo olympics food,`` I 'll try ... talk things Congress Your allowance food free Your allowance 's
,,
9,tokyo olympics food,`` I 'll try ... talk things Congress Your allowance food free Your allowance 's
,,
10,tokyo olympics food,South Korea Olympic committee plans buy radiation detectors ship homegrown ingredients Japan athletes
,,
11,tokyo olympics food,Had fun talking sports food travel amp last evening Best wishes 2020 Summer
,,
12,tokyo olympics food,Had fun talking sports food travel amp last evening Best wishes 2020 Summer
,,
13,tokyo olympics food,Had fun talking sports food travel amp last evening Best wishes 2020 Summer
,,
14,tokyo olympics food,Had fun talking sports food travel amp last evening Best wishes 2020 Summer
,,
15,tokyo olympics menu,2020 Tokyo Olympics Athletes Village Meal Olympic menu manager maybe Kenichiro Tanaka Japan Hotel Associa
